{
  "min_hist_coverage": 0.999517024873219,
  "market_override_sharpness": 0.4465,
  "prior_override_sharpness": 0.34536760775312403,
  "source_prior_route_sharpness": 0.14764294258373206,
  "noisy_source_strength": 0.47008618016573106,
  "max_hist_horizon_days": 400,
  "search_strength": 999.0,
  "max_search_disagreement": 0.10843046896177824,
  "fallback_system": "aia_baseline"
}